frequency,raw,error,smoothed,error_smoothed,equalization,parametric_eq,fixed_band_eq,equalized_raw,equalized_smoothed,target
20.00,5.56,1.40,5.58,1.42,-1.41,-1.78,-1.36,4.15,4.17,4.16
20.20,5.65,1.49,5.63,1.47,-1.46,-1.81,-1.40,4.19,4.17,4.17
20.40,5.69,1.52,5.69,1.51,-1.51,-1.84,-1.44,4.18,4.18,4.18
20.61,5.74,1.56,5.74,1.56,-1.56,-1.87,-1.48,4.18,4.18,4.19
20.81,5.78,1.60,5.78,1.60,-1.61,-1.90,-1.52,4.18,4.18,4.19
21.02,5.83,1.64,5.84,1.64,-1.65,-1.93,-1.56,4.18,4.18,4.20
21.23,5.89,1.69,5.89,1.68,-1.69,-1.96,-1.61,4.20,4.20,4.21
21.44,5.95,1.73,5.96,1.74,-1.73,-2.00,-1.65,4.22,4.22,4.23
21.66,6.01,1.79,6.02,1.79,-1.77,-2.03,-1.70,4.25,4.25,4.23
21.87,6.08,1.85,6.07,1.84,-1.80,-2.06,-1.75,4.29,4.27,4.23
22.09,6.10,1.87,6.09,1.86,-1.83,-2.09,-1.80,4.27,4.26,4.23
22.31,6.10,1.86,6.10,1.86,-1.87,-2.13,-1.85,4.23,4.24,4.24
22.54,6.10,1.86,6.12,1.87,-1.91,-2.16,-1.90,4.19,4.21,4.24
22.76,6.15,1.90,6.16,1.91,-1.95,-2.19,-1.96,4.20,4.20,4.25
22.99,6.23,1.98,6.23,1.98,-2.00,-2.23,-2.01,4.23,4.23,4.25
23.22,6.32,2.07,6.32,2.06,-2.06,-2.26,-2.07,4.26,4.26,4.25
23.45,6.40,2.14,6.40,2.15,-2.12,-2.30,-2.12,4.28,4.28,4.26
23.69,6.48,2.22,6.48,2.22,-2.19,-2.33,-2.18,4.29,4.29,4.26
23.92,6.54,2.28,6.54,2.28,-2.27,-2.37,-2.24,4.28,4.28,4.26
24.16,6.60,2.33,6.61,2.34,-2.34,-2.40,-2.31,4.26,4.27,4.27
24.40,6.67,2.40,6.67,2.40,-2.41,-2.44,-2.37,4.26,4.26,4.28
24.65,6.74,2.46,6.75,2.47,-2.48,-2.48,-2.43,4.26,4.26,4.28
24.89,6.82,2.55,6.82,2.55,-2.55,-2.52,-2.50,4.27,4.27,4.28
25.14,6.90,2.63,6.90,2.63,-2.62,-2.55,-2.56,4.28,4.28,4.28
25.39,6.97,2.70,6.97,2.70,-2.69,-2.59,-2.63,4.29,4.29,4.28
25.65,7.04,2.77,7.04,2.76,-2.76,-2.63,-2.69,4.29,4.28,4.27
25.91,7.09,2.82,7.10,2.82,-2.82,-2.67,-2.76,4.27,4.28,4.27
26.16,7.15,2.87,7.15,2.87,-2.88,-2.71,-2.83,4.28,4.28,4.28
26.43,7.20,2.92,7.21,2.93,-2.92,-2.75,-2.90,4.28,4.28,4.28
26.69,7.26,2.98,7.26,2.97,-2.97,-2.79,-2.96,4.30,4.29,4.28
26.96,7.29,3.01,7.29,3.01,-3.00,-2.83,-3.03,4.29,4.29,4.28
27.23,7.32,3.04,7.32,3.04,-3.03,-2.87,-3.10,4.29,4.29,4.28
27.50,7.34,3.07,7.35,3.07,-3.06,-2.91,-3.16,4.28,4.29,4.28
27.77,7.37,3.09,7.37,3.09,-3.09,-2.95,-3.23,4.29,4.29,4.29
28.05,7.40,3.12,7.40,3.12,-3.12,-2.99,-3.29,4.29,4.28,4.29
28.33,7.43,3.15,7.43,3.14,-3.16,-3.03,-3.35,4.28,4.27,4.28
28.62,7.46,3.18,7.46,3.17,-3.20,-3.08,-3.42,4.26,4.26,4.28
28.90,7.49,3.20,7.51,3.22,-3.25,-3.12,-3.47,4.24,4.26,4.29
29.19,7.57,3.28,7.58,3.29,-3.30,-3.16,-3.53,4.27,4.27,4.29
29.48,7.66,3.38,7.66,3.37,-3.36,-3.20,-3.58,4.30,4.30,4.29
29.78,7.75,3.47,7.74,3.45,-3.42,-3.25,-3.63,4.34,4.33,4.29
30.08,7.80,3.51,7.80,3.51,-3.48,-3.29,-3.68,4.33,4.32,4.30
30.38,7.83,3.55,7.83,3.55,-3.54,-3.34,-3.73,4.30,4.30,4.28
30.68,7.85,3.57,7.86,3.58,-3.60,-3.38,-3.77,4.26,4.27,4.28
30.99,7.90,3.62,7.91,3.62,-3.65,-3.42,-3.81,4.25,4.25,4.28
31.30,7.96,3.68,7.96,3.68,-3.70,-3.47,-3.84,4.26,4.26,4.28
31.61,8.02,3.75,8.02,3.75,-3.75,-3.51,-3.88,4.27,4.28,4.28
31.93,8.08,3.82,8.08,3.81,-3.79,-3.56,-3.91,4.29,4.29,4.26
32.24,8.13,3.86,8.13,3.86,-3.84,-3.60,-3.93,4.29,4.29,4.27
32.57,8.16,3.90,8.16,3.90,-3.89,-3.65,-3.95,4.28,4.28,4.26
32.89,8.18,3.93,8.19,3.93,-3.93,-3.70,-3.97,4.25,4.26,4.26
33.22,8.21,3.96,8.21,3.96,-3.97,-3.74,-3.99,4.24,4.25,4.26
33.55,8.24,3.99,8.24,3.99,-4.00,-3.79,-4.01,4.24,4.24,4.25
33.89,8.28,4.03,8.28,4.03,-4.04,-3.84,-4.02,4.24,4.24,4.25
34.23,8.31,4.08,8.32,4.08,-4.07,-3.88,-4.03,4.24,4.24,4.24
34.57,8.35,4.12,8.35,4.11,-4.11,-3.93,-4.04,4.24,4.24,4.23
34.92,8.37,4.15,8.38,4.15,-4.15,-3.98,-4.05,4.23,4.23,4.22
35.27,8.40,4.17,8.41,4.18,-4.18,-4.02,-4.06,4.22,4.22,4.23
35.62,8.43,4.23,8.43,4.22,-4.22,-4.07,-4.07,4.21,4.21,4.21
35.97,8.46,4.26,8.46,4.26,-4.26,-4.12,-4.07,4.20,4.20,4.20
36.33,8.48,4.29,8.48,4.30,-4.30,-4.17,-4.08,4.19,4.19,4.19
36.70,8.50,4.33,8.51,4.33,-4.33,-4.21,-4.09,4.17,4.17,4.18
37.06,8.53,4.37,8.53,4.37,-4.37,-4.26,-4.09,4.16,4.16,4.16
37.43,8.55,4.41,8.56,4.41,-4.41,-4.31,-4.10,4.14,4.15,4.15
37.81,8.58,4.45,8.58,4.45,-4.45,-4.36,-4.11,4.14,4.14,4.13
38.19,8.60,4.48,8.60,4.48,-4.48,-4.41,-4.12,4.12,4.12,4.12
38.57,8.62,4.52,8.62,4.52,-4.51,-4.45,-4.13,4.11,4.11,4.11
38.95,8.63,4.54,8.63,4.55,-4.54,-4.50,-4.15,4.09,4.09,4.09
39.34,8.64,4.58,8.64,4.57,-4.57,-4.55,-4.17,4.07,4.07,4.07
39.74,8.65,4.60,8.65,4.60,-4.60,-4.60,-4.18,4.06,4.05,4.05
40.14,8.65,4.62,8.65,4.62,-4.62,-4.65,-4.21,4.04,4.04,4.04
40.54,8.65,4.63,8.66,4.64,-4.64,-4.69,-4.23,4.01,4.02,4.02
40.94,8.66,4.67,8.66,4.66,-4.66,-4.74,-4.26,4.00,4.00,4.00
41.35,8.66,4.68,8.66,4.68,-4.68,-4.79,-4.28,3.98,3.98,3.98
41.76,8.66,4.71,8.67,4.71,-4.71,-4.84,-4.32,3.96,3.96,3.95
42.18,8.67,4.73,8.67,4.73,-4.73,-4.89,-4.35,3.94,3.93,3.94
42.60,8.67,4.76,8.67,4.76,-4.77,-4.93,-4.39,3.90,3.90,3.91
43.03,8.68,4.80,8.69,4.80,-4.81,-4.98,-4.43,3.87,3.88,3.89
43.46,8.70,4.84,8.71,4.85,-4.86,-5.03,-4.48,3.85,3.85,3.86
43.90,8.74,4.91,8.74,4.91,-4.91,-5.08,-4.53,3.83,3.83,3.83
44.33,8.78,4.98,8.78,4.98,-4.98,-5.12,-4.58,3.81,3.81,3.80
44.78,8.82,5.05,8.82,5.04,-5.04,-5.17,-4.63,3.78,3.78,3.78
45.23,8.86,5.10,8.86,5.11,-5.12,-5.22,-4.69,3.75,3.75,3.76
45.68,8.90,5.18,8.90,5.18,-5.19,-5.26,-4.75,3.71,3.71,3.72
46.13,8.94,5.26,8.95,5.26,-5.26,-5.31,-4.82,3.69,3.69,3.68
46.60,8.99,5.34,8.99,5.34,-5.32,-5.35,-4.89,3.67,3.67,3.65
47.06,9.03,5.41,9.02,5.40,-5.38,-5.40,-4.96,3.65,3.64,3.62
47.53,9.04,5.45,9.04,5.45,-5.44,-5.45,-5.03,3.60,3.60,3.59
48.01,9.04,5.50,9.04,5.49,-5.50,-5.49,-5.11,3.55,3.55,3.55
48.49,9.04,5.53,9.04,5.53,-5.55,-5.54,-5.19,3.49,3.49,3.51
48.97,9.04,5.57,9.05,5.57,-5.60,-5.58,-5.28,3.44,3.45,3.47
49.46,9.06,5.62,9.07,5.63,-5.64,-5.62,-5.36,3.42,3.42,3.44
49.96,9.08,5.69,9.09,5.69,-5.69,-5.67,-5.45,3.40,3.40,3.39
50.46,9.11,5.75,9.10,5.74,-5.72,-5.71,-5.54,3.39,3.38,3.36
50.96,9.10,5.78,9.10,5.78,-5.75,-5.75,-5.64,3.35,3.35,3.33
51.47,9.08,5.79,9.09,5.80,-5.77,-5.80,-5.73,3.31,3.32,3.30
51.99,9.07,5.82,9.07,5.81,-5.79,-5.84,-5.82,3.28,3.27,3.25
52.51,9.03,5.81,9.03,5.81,-5.81,-5.88,-5.92,3.22,3.22,3.22
53.03,8.99,5.80,8.99,5.81,-5.83,-5.92,-6.02,3.16,3.16,3.19
53.56,8.95,5.80,8.96,5.81,-5.85,-5.96,-6.11,3.10,3.11,3.15
54.10,8.95,5.85,8.96,5.85,-5.87,-6.01,-6.21,3.08,3.09,3.11
54.64,8.96,5.89,8.96,5.90,-5.89,-6.05,-6.30,3.07,3.07,3.07
55.18,8.98,5.96,8.97,5.95,-5.93,-6.09,-6.40,3.06,3.05,3.02
55.74,8.97,5.99,8.97,5.98,-5.97,-6.13,-6.49,3.01,3.00,2.99
56.29,8.96,6.00,8.96,6.01,-6.01,-6.16,-6.58,2.95,2.95,2.96
56.86,8.95,6.02,8.96,6.04,-6.05,-6.20,-6.66,2.90,2.91,2.93
57.42,8.96,6.08,8.97,6.08,-6.09,-6.24,-6.74,2.87,2.88,2.88
58.00,8.99,6.14,8.99,6.13,-6.12,-6.28,-6.82,2.87,2.87,2.85
58.58,9.01,6.18,9.01,6.18,-6.15,-6.32,-6.89,2.86,2.86,2.83
59.16,9.01,6.21,9.00,6.20,-6.18,-6.35,-6.96,2.83,2.82,2.80
59.76,8.97,6.20,8.98,6.21,-6.21,-6.39,-7.02,2.76,2.77,2.77
60.35,8.94,6.22,8.95,6.23,-6.24,-6.42,-7.07,2.70,2.71,2.72
60.96,8.93,6.25,8.93,6.26,-6.27,-6.46,-7.11,2.66,2.66,2.68
61.57,8.93,6.31,8.93,6.30,-6.31,-6.49,-7.15,2.63,2.62,2.63
62.18,8.92,6.35,8.92,6.34,-6.35,-6.53,-7.19,2.58,2.57,2.57
62.80,8.91,6.38,8.92,6.39,-6.39,-6.56,-7.21,2.52,2.53,2.53
63.43,8.92,6.44,8.92,6.44,-6.45,-6.60,-7.23,2.48,2.48,2.48
64.07,8.94,6.49,8.94,6.50,-6.50,-6.63,-7.24,2.44,2.44,2.45
64.71,8.97,6.56,8.97,6.56,-6.56,-6.66,-7.24,2.41,2.41,2.41
65.35,9.00,6.63,9.00,6.63,-6.62,-6.69,-7.24,2.38,2.38,2.37
66.01,9.02,6.69,9.02,6.69,-6.68,-6.72,-7.23,2.34,2.34,2.34
66.67,9.04,6.74,9.04,6.74,-6.73,-6.75,-7.22,2.31,2.31,2.31
67.33,9.04,6.79,9.04,6.79,-6.78,-6.78,-7.20,2.27,2.27,2.26
68.01,9.04,6.83,9.05,6.83,-6.81,-6.81,-7.17,2.23,2.23,2.22
68.69,9.04,6.87,9.04,6.86,-6.84,-6.84,-7.14,2.20,2.20,2.18
69.37,9.03,6.89,9.03,6.89,-6.87,-6.87,-7.11,2.16,2.15,2.14
70.07,9.00,6.90,9.00,6.90,-6.91,-6.90,-7.07,2.10,2.09,2.10
70.77,8.97,6.92,8.97,6.92,-6.94,-6.93,-7.04,2.03,2.03,2.06
71.48,8.94,6.93,8.96,6.95,-6.98,-6.96,-7.00,1.96,1.98,2.01
72.19,8.96,7.00,8.96,7.00,-7.03,-6.98,-6.96,1.94,1.94,1.97
72.91,8.98,7.06,8.98,7.06,-7.07,-7.01,-6.91,1.91,1.91,1.92
73.64,9.00,7.13,9.01,7.13,-7.11,-7.04,-6.87,1.89,1.89,1.87
74.38,9.02,7.19,9.03,7.19,-7.16,-7.06,-6.83,1.87,1.87,1.83
75.12,9.04,7.25,9.03,7.23,-7.20,-7.09,-6.80,1.85,1.83,1.80
75.87,9.01,7.25,9.01,7.25,-7.23,-7.11,-6.76,1.78,1.78,1.77
76.63,8.98,7.26,8.99,7.26,-7.26,-7.14,-6.72,1.72,1.72,1.72
77.40,8.95,7.26,8.96,7.27,-7.29,-7.16,-6.69,1.67,1.67,1.69
78.17,8.94,7.29,8.95,7.29,-7.31,-7.19,-6.66,1.63,1.64,1.65
78.95,8.94,7.32,8.94,7.32,-7.33,-7.21,-6.63,1.61,1.61,1.63
79.74,8.94,7.35,8.94,7.35,-7.35,-7.23,-6.61,1.59,1.59,1.59
80.54,8.94,7.38,8.94,7.38,-7.38,-7.25,-6.59,1.56,1.56,1.56
81.35,8.94,7.42,8.94,7.42,-7.41,-7.28,-6.58,1.53,1.53,1.52
82.16,8.94,7.45,8.94,7.45,-7.44,-7.30,-6.57,1.50,1.50,1.50
82.98,8.93,7.47,8.93,7.48,-7.47,-7.32,-6.56,1.46,1.46,1.46
83.81,8.92,7.50,8.92,7.50,-7.50,-7.34,-6.56,1.43,1.42,1.42
84.65,8.90,7.52,8.90,7.52,-7.52,-7.36,-6.56,1.38,1.38,1.38
85.50,8.88,7.54,8.89,7.54,-7.54,-7.38,-6.57,1.35,1.35,1.34
86.35,8.86,7.55,8.86,7.55,-7.55,-7.40,-6.58,1.31,1.31,1.31
87.22,8.84,7.56,8.84,7.56,-7.56,-7.42,-6.59,1.28,1.28,1.28
88.09,8.81,7.57,8.81,7.57,-7.57,-7.44,-6.61,1.24,1.25,1.24
88.97,8.78,7.58,8.78,7.58,-7.57,-7.46,-6.64,1.21,1.21,1.21
89.86,8.75,7.59,8.75,7.58,-7.58,-7.48,-6.67,1.17,1.17,1.17
90.76,8.71,7.58,8.72,7.59,-7.59,-7.50,-6.71,1.13,1.13,1.13
91.66,8.68,7.59,8.68,7.59,-7.60,-7.51,-6.75,1.09,1.08,1.09
92.58,8.65,7.60,8.66,7.60,-7.61,-7.53,-6.80,1.04,1.05,1.05
93.51,8.63,7.61,8.64,7.62,-7.62,-7.55,-6.85,1.01,1.01,1.02
94.44,8.62,7.64,8.62,7.64,-7.64,-7.57,-6.90,0.98,0.98,0.98
95.39,8.60,7.67,8.60,7.66,-7.66,-7.59,-6.96,0.94,0.94,0.94
96.34,8.58,7.69,8.58,7.69,-7.69,-7.60,-7.03,0.90,0.90,0.89
97.30,8.56,7.71,8.56,7.71,-7.71,-7.62,-7.09,0.86,0.86,0.85
98.28,8.54,7.74,8.54,7.74,-7.73,-7.63,-7.17,0.81,0.81,0.81
99.26,8.52,7.76,8.52,7.76,-7.75,-7.65,-7.24,0.77,0.77,0.76
100.25,8.50,7.78,8.50,7.77,-7.78,-7.67,-7.32,0.73,0.72,0.72
101.25,8.48,7.79,8.48,7.79,-7.80,-7.68,-7.41,0.68,0.68,0.70
102.27,8.46,7.81,8.47,7.81,-7.83,-7.70,-7.49,0.63,0.64,0.66
103.29,8.46,7.84,8.46,7.84,-7.86,-7.71,-7.58,0.61,0.61,0.62
104.32,8.46,7.87,8.47,7.88,-7.88,-7.73,-7.67,0.58,0.59,0.59
105.37,8.46,7.91,8.46,7.91,-7.90,-7.74,-7.76,0.57,0.57,0.55
106.42,8.46,7.94,8.45,7.93,-7.90,-7.76,-7.86,0.56,0.55,0.53
107.48,8.41,7.93,8.42,7.93,-7.91,-7.77,-7.95,0.51,0.51,0.48
108.56,8.37,7.92,8.37,7.92,-7.90,-7.78,-8.04,0.47,0.47,0.45
109.64,8.31,7.90,8.31,7.90,-7.89,-7.80,-8.13,0.42,0.42,0.41
110.74,8.24,7.87,8.24,7.87,-7.88,-7.81,-8.22,0.37,0.37,0.38
111.85,8.17,7.83,8.18,7.84,-7.86,-7.82,-8.31,0.31,0.32,0.34
112.97,8.12,7.82,8.13,7.82,-7.85,-7.84,-8.39,0.28,0.28,0.30
114.10,8.08,7.82,8.08,7.82,-7.84,-7.85,-8.47,0.25,0.25,0.27
115.24,8.05,7.83,8.05,7.83,-7.83,-7.86,-8.55,0.22,0.22,0.22
116.39,8.01,7.84,8.02,7.84,-7.83,-7.87,-8.62,0.18,0.19,0.17
117.55,7.98,7.85,7.98,7.85,-7.84,-7.88,-8.68,0.15,0.15,0.14
118.73,7.95,7.86,7.95,7.85,-7.84,-7.89,-8.74,0.11,0.11,0.09
119.92,7.91,7.86,7.92,7.85,-7.85,-7.91,-8.78,0.06,0.06,0.06
121.12,7.88,7.85,7.88,7.86,-7.86,-7.92,-8.82,0.02,0.02,0.03
122.33,7.85,7.86,7.86,7.86,-7.87,-7.93,-8.85,-0.02,-0.02,-0.01
123.55,7.83,7.88,7.83,7.87,-7.88,-7.94,-8.87,-0.05,-0.05,-0.04
124.79,7.81,7.89,7.81,7.89,-7.89,-7.95,-8.88,-0.08,-0.08,-0.07
126.03,7.78,7.90,7.79,7.90,-7.90,-7.96,-8.88,-0.12,-0.11,-0.12
127.29,7.76,7.92,7.76,7.92,-7.91,-7.96,-8.87,-0.15,-0.15,-0.16
128.57,7.73,7.93,7.73,7.93,-7.91,-7.97,-8.86,-0.18,-0.18,-0.20
129.85,7.69,7.93,7.69,7.93,-7.91,-7.98,-8.83,-0.22,-0.22,-0.24
131.15,7.64,7.92,7.64,7.92,-7.91,-7.99,-8.79,-0.27,-0.27,-0.28
132.46,7.59,7.91,7.59,7.91,-7.91,-8.00,-8.75,-0.32,-0.32,-0.32
133.79,7.54,7.90,7.54,7.90,-7.92,-8.00,-8.70,-0.37,-0.37,-0.35
135.12,7.50,7.89,7.51,7.89,-7.92,-8.01,-8.64,-0.42,-0.41,-0.39
136.48,7.48,7.90,7.49,7.91,-7.93,-8.02,-8.58,-0.44,-0.44,-0.42
137.84,7.48,7.93,7.48,7.93,-7.93,-8.02,-8.51,-0.45,-0.45,-0.45
139.22,7.47,7.97,7.47,7.96,-7.94,-8.03,-8.43,-0.46,-0.47,-0.49
140.61,7.45,7.97,7.45,7.97,-7.94,-8.03,-8.36,-0.49,-0.49,-0.52
142.02,7.41,7.96,7.42,7.97,-7.95,-8.04,-8.28,-0.53,-0.53,-0.55
143.44,7.37,7.96,7.37,7.95,-7.95,-8.04,-8.20,-0.58,-0.58,-0.58
144.87,7.33,7.94,7.33,7.94,-7.96,-8.04,-8.11,-0.63,-0.63,-0.60
146.32,7.29,7.93,7.30,7.93,-7.96,-8.05,-8.03,-0.67,-0.66,-0.63
147.78,7.28,7.95,7.28,7.95,-7.96,-8.05,-7.94,-0.68,-0.67,-0.66
149.26,7.27,7.96,7.27,7.96,-7.96,-8.05,-7.86,-0.68,-0.69,-0.69
150.75,7.26,7.99,7.25,7.98,-7.96,-8.05,-7.78,-0.69,-0.70,-0.73
152.26,7.22,7.97,7.22,7.98,-7.96,-8.05,-7.70,-0.74,-0.73,-0.75
153.78,7.18,7.96,7.18,7.96,-7.96,-8.05,-7.62,-0.78,-0.78,-0.78
155.32,7.14,7.95,7.14,7.95,-7.96,-8.05,-7.55,-0.82,-0.82,-0.81
156.88,7.10,7.94,7.11,7.95,-7.96,-8.05,-7.48,-0.86,-0.85,-0.84
158.44,7.07,7.95,7.07,7.95,-7.96,-8.05,-7.41,-0.88,-0.88,-0.87
160.03,7.04,7.95,7.04,7.95,-7.95,-8.05,-7.35,-0.91,-0.91,-0.91
161.63,7.01,7.95,7.01,7.95,-7.95,-8.04,-7.29,-0.94,-0.94,-0.94
163.24,6.97,7.95,6.97,7.95,-7.94,-8.04,-7.23,-0.97,-0.97,-0.98
164.88,6.92,7.93,6.93,7.94,-7.93,-8.03,-7.18,-1.01,-1.01,-1.01
166.53,6.88,7.93,6.89,7.93,-7.92,-8.03,-7.14,-1.04,-1.03,-1.05
168.19,6.84,7.92,6.84,7.92,-7.90,-8.02,-7.10,-1.05,-1.06,-1.08
169.87,6.78,7.90,6.78,7.90,-7.87,-8.02,-7.06,-1.09,-1.09,-1.11
171.57,6.71,7.86,6.71,7.86,-7.85,-8.01,-7.03,-1.14,-1.14,-1.15
173.29,6.63,7.82,6.63,7.82,-7.83,-8.00,-7.00,-1.20,-1.20,-1.19
175.02,6.55,7.77,6.56,7.78,-7.82,-7.99,-6.98,-1.27,-1.26,-1.22
176.77,6.51,7.77,6.52,7.78,-7.82,-7.98,-6.97,-1.31,-1.30,-1.26
178.54,6.50,7.79,6.50,7.80,-7.82,-7.97,-6.96,-1.31,-1.32,-1.29
180.32,6.50,7.84,6.50,7.83,-7.82,-7.96,-6.95,-1.32,-1.32,-1.33
182.13,6.49,7.86,6.49,7.86,-7.82,-7.95,-6.95,-1.33,-1.33,-1.37
183.95,6.47,7.87,6.46,7.86,-7.82,-7.94,-6.96,-1.35,-1.36,-1.40
185.79,6.41,7.85,6.42,7.85,-7.83,-7.92,-6.97,-1.42,-1.41,-1.44
187.65,6.36,7.83,6.36,7.83,-7.83,-7.91,-6.98,-1.47,-1.47,-1.47
189.52,6.30,7.81,6.30,7.81,-7.83,-7.90,-7.00,-1.53,-1.53,-1.51
191.42,6.24,7.78,6.26,7.80,-7.83,-7.88,-7.03,-1.59,-1.57,-1.54
193.33,6.22,7.80,6.22,7.80,-7.82,-7.86,-7.06,-1.60,-1.60,-1.58
195.27,6.20,7.82,6.20,7.82,-7.82,-7.85,-7.09,-1.61,-1.61,-1.61
197.22,6.18,7.83,6.18,7.83,-7.81,-7.83,-7.13,-1.63,-1.63,-1.65
199.19,6.16,7.84,6.15,7.83,-7.81,-7.81,-7.17,-1.64,-1.66,-1.68
201.18,6.10,7.82,6.11,7.82,-7.80,-7.79,-7.21,-1.70,-1.70,-1.71
203.19,6.05,7.79,6.06,7.79,-7.80,-7.77,-7.26,-1.74,-1.74,-1.74
205.23,6.00,7.77,6.00,7.77,-7.79,-7.75,-7.31,-1.78,-1.78,-1.77
207.28,5.96,7.75,5.96,7.76,-7.77,-7.72,-7.36,-1.81,-1.81,-1.79
209.35,5.92,7.75,5.92,7.75,-7.76,-7.70,-7.42,-1.83,-1.83,-1.82
211.44,5.89,7.74,5.89,7.74,-7.74,-7.68,-7.47,-1.85,-1.85,-1.85
213.56,5.85,7.72,5.86,7.73,-7.72,-7.65,-7.53,-1.87,-1.86,-1.87
215.69,5.82,7.72,5.81,7.71,-7.70,-7.63,-7.59,-1.88,-1.88,-1.89
217.85,5.76,7.68,5.76,7.68,-7.67,-7.60,-7.64,-1.91,-1.91,-1.92
220.03,5.70,7.65,5.71,7.65,-7.64,-7.57,-7.70,-1.94,-1.94,-1.95
222.23,5.64,7.61,5.64,7.61,-7.61,-7.55,-7.75,-1.96,-1.97,-1.97
224.45,5.57,7.56,5.58,7.57,-7.57,-7.52,-7.80,-1.99,-1.99,-1.99
226.70,5.51,7.52,5.51,7.52,-7.52,-7.49,-7.85,-2.01,-2.01,-2.01
228.96,5.45,7.48,5.45,7.48,-7.48,-7.46,-7.89,-2.03,-2.03,-2.02
231.25,5.39,7.44,5.39,7.43,-7.44,-7.43,-7.93,-2.05,-2.05,-2.04
233.57,5.33,7.39,5.33,7.40,-7.41,-7.39,-7.96,-2.07,-2.07,-2.06
235.90,5.28,7.36,5.29,7.37,-7.38,-7.36,-7.99,-2.09,-2.09,-2.08
238.26,5.25,7.35,5.25,7.34,-7.35,-7.33,-8.01,-2.10,-2.10,-2.10
240.64,5.22,7.32,5.22,7.32,-7.32,-7.29,-8.02,-2.10,-2.11,-2.10
243.05,5.18,7.30,5.19,7.31,-7.30,-7.26,-8.03,-2.12,-2.11,-2.12
245.48,5.15,7.29,5.15,7.28,-7.28,-7.22,-8.03,-2.13,-2.13,-2.13
247.93,5.11,7.27,5.11,7.26,-7.26,-7.19,-8.01,-2.14,-2.14,-2.15
250.41,5.07,7.22,5.07,7.23,-7.23,-7.15,-7.99,-2.16,-2.15,-2.15
252.92,5.03,7.19,5.03,7.20,-7.20,-7.11,-7.96,-2.16,-2.16,-2.16
255.45,4.99,7.17,5.00,7.17,-7.16,-7.08,-7.93,-2.17,-2.16,-2.17
258.00,4.95,7.13,4.95,7.13,-7.12,-7.04,-7.88,-2.16,-2.17,-2.18
260.58,4.90,7.09,4.90,7.09,-7.07,-7.00,-7.82,-2.17,-2.18,-2.19
263.19,4.83,7.03,4.84,7.03,-7.03,-6.96,-7.76,-2.19,-2.19,-2.19
265.82,4.77,6.97,4.77,6.97,-6.98,-6.92,-7.69,-2.21,-2.21,-2.20
268.48,4.71,6.92,4.71,6.92,-6.93,-6.87,-7.61,-2.22,-2.22,-2.20
271.16,4.66,6.87,4.67,6.87,-6.89,-6.83,-7.53,-2.23,-2.22,-2.21
273.87,4.62,6.84,4.62,6.84,-6.84,-6.79,-7.44,-2.22,-2.22,-2.22
276.61,4.58,6.80,4.58,6.81,-6.80,-6.75,-7.35,-2.22,-2.22,-2.22
279.38,4.54,6.78,4.54,6.77,-6.76,-6.70,-7.25,-2.22,-2.22,-2.24
282.17,4.49,6.72,4.50,6.73,-6.72,-6.66,-7.15,-2.23,-2.23,-2.23
284.99,4.45,6.68,4.45,6.68,-6.68,-6.61,-7.04,-2.23,-2.23,-2.22
287.84,4.41,6.63,4.41,6.64,-6.64,-6.57,-6.94,-2.23,-2.23,-2.22
290.72,4.36,6.60,4.37,6.59,-6.59,-6.52,-6.83,-2.23,-2.23,-2.23
293.63,4.32,6.55,4.32,6.55,-6.54,-6.48,-6.72,-2.22,-2.22,-2.23
296.57,4.27,6.49,4.27,6.50,-6.48,-6.43,-6.61,-2.21,-2.21,-2.22
299.53,4.21,6.44,4.21,6.44,-6.42,-6.38,-6.50,-2.21,-2.21,-2.22
302.53,4.15,6.37,4.15,6.37,-6.36,-6.34,-6.39,-2.21,-2.21,-2.22
305.55,4.08,6.30,4.08,6.30,-6.30,-6.29,-6.28,-2.22,-2.22,-2.22
308.61,4.02,6.24,4.02,6.23,-6.25,-6.24,-6.18,-2.22,-2.23,-2.22
311.69,3.95,6.17,3.96,6.17,-6.19,-6.19,-6.08,-2.24,-2.24,-2.22
314.81,3.90,6.11,3.91,6.12,-6.15,-6.14,-5.97,-2.24,-2.23,-2.21
317.96,3.88,6.10,3.88,6.09,-6.10,-6.09,-5.88,-2.22,-2.23,-2.21
321.14,3.85,6.06,3.85,6.06,-6.06,-6.04,-5.78,-2.21,-2.21,-2.21
324.35,3.83,6.04,3.83,6.04,-6.03,-5.99,-5.69,-2.19,-2.19,-2.21
327.59,3.80,6.00,3.80,6.00,-5.99,-5.94,-5.60,-2.19,-2.19,-2.19
330.87,3.77,5.97,3.77,5.96,-5.95,-5.89,-5.51,-2.18,-2.18,-2.19
334.18,3.72,5.92,3.72,5.92,-5.91,-5.84,-5.43,-2.18,-2.18,-2.20
337.52,3.67,5.86,3.68,5.87,-5.86,-5.79,-5.35,-2.19,-2.19,-2.19
340.90,3.62,5.81,3.62,5.81,-5.81,-5.74,-5.27,-2.19,-2.19,-2.18
344.30,3.57,5.75,3.57,5.75,-5.75,-5.69,-5.20,-2.18,-2.18,-2.17
347.75,3.52,5.69,3.52,5.69,-5.70,-5.64,-5.13,-2.17,-2.17,-2.17
351.23,3.47,5.64,3.48,5.64,-5.64,-5.59,-5.07,-2.17,-2.16,-2.17
354.74,3.43,5.58,3.43,5.59,-5.59,-5.53,-5.01,-2.15,-2.16,-2.15
358.28,3.38,5.53,3.38,5.53,-5.53,-5.48,-4.95,-2.15,-2.15,-2.15
361.87,3.33,5.48,3.34,5.48,-5.48,-5.43,-4.90,-2.15,-2.15,-2.14
365.49,3.29,5.43,3.29,5.43,-5.43,-5.38,-4.85,-2.14,-2.14,-2.14
369.14,3.25,5.38,3.25,5.38,-5.38,-5.33,-4.80,-2.13,-2.13,-2.13
372.83,3.21,5.33,3.21,5.33,-5.33,-5.27,-4.76,-2.11,-2.12,-2.12
376.56,3.16,5.28,3.16,5.28,-5.27,-5.22,-4.72,-2.11,-2.11,-2.12
380.33,3.11,5.22,3.11,5.22,-5.22,-5.17,-4.69,-2.11,-2.11,-2.11
384.13,3.06,5.17,3.06,5.16,-5.17,-5.11,-4.66,-2.10,-2.11,-2.10
387.97,3.00,5.10,3.01,5.10,-5.11,-5.06,-4.63,-2.11,-2.10,-2.09
391.85,2.96,5.05,2.96,5.05,-5.06,-5.01,-4.60,-2.09,-2.09,-2.09
395.77,2.92,5.01,2.92,5.00,-5.00,-4.96,-4.58,-2.08,-2.08,-2.09
399.73,2.88,4.96,2.88,4.96,-4.95,-4.90,-4.56,-2.07,-2.07,-2.08
403.72,2.83,4.89,2.84,4.90,-4.90,-4.85,-4.54,-2.06,-2.06,-2.06
407.76,2.79,4.85,2.79,4.85,-4.85,-4.80,-4.52,-2.05,-2.05,-2.06
411.84,2.74,4.79,2.75,4.80,-4.79,-4.74,-4.51,-2.05,-2.05,-2.05
415.96,2.70,4.75,2.70,4.75,-4.74,-4.69,-4.50,-2.04,-2.04,-2.04
420.12,2.65,4.70,2.65,4.69,-4.70,-4.64,-4.49,-2.04,-2.04,-2.04
424.32,2.61,4.65,2.61,4.64,-4.65,-4.59,-4.48,-2.04,-2.04,-2.03
428.56,2.57,4.59,2.58,4.59,-4.60,-4.53,-4.47,-2.03,-2.03,-2.01
432.85,2.54,4.55,2.54,4.55,-4.56,-4.48,-4.46,-2.02,-2.02,-2.01
437.18,2.51,4.52,2.51,4.52,-4.52,-4.43,-4.45,-2.00,-2.00,-2.01
441.55,2.48,4.48,2.48,4.48,-4.47,-4.37,-4.44,-1.99,-1.99,-2.00
445.96,2.45,4.44,2.45,4.44,-4.42,-4.32,-4.43,-1.97,-1.98,-1.99
450.42,2.40,4.38,2.41,4.39,-4.38,-4.27,-4.42,-1.97,-1.97,-1.98
454.93,2.36,4.33,2.36,4.33,-4.33,-4.22,-4.41,-1.97,-1.97,-1.97
459.48,2.31,4.27,2.32,4.27,-4.28,-4.17,-4.40,-1.97,-1.97,-1.96
464.07,2.27,4.21,2.28,4.22,-4.23,-4.11,-4.38,-1.96,-1.96,-1.94
468.71,2.24,4.17,2.24,4.17,-4.18,-4.06,-4.37,-1.94,-1.94,-1.93
473.40,2.20,4.13,2.21,4.13,-4.13,-4.01,-4.35,-1.93,-1.92,-1.92
478.13,2.17,4.09,2.17,4.09,-4.07,-3.96,-4.33,-1.90,-1.90,-1.91
482.91,2.13,4.04,2.13,4.03,-4.01,-3.91,-4.30,-1.88,-1.89,-1.90
487.74,2.07,3.97,2.07,3.96,-3.95,-3.86,-4.27,-1.88,-1.88,-1.89
492.62,2.00,3.89,2.00,3.89,-3.88,-3.80,-4.24,-1.88,-1.88,-1.88
497.55,1.93,3.81,1.94,3.81,-3.81,-3.75,-4.21,-1.88,-1.88,-1.87
502.52,1.87,3.74,1.87,3.73,-3.74,-3.70,-4.17,-1.87,-1.87,-1.86
507.55,1.81,3.66,1.82,3.66,-3.67,-3.65,-4.12,-1.86,-1.85,-1.85
512.62,1.76,3.60,1.76,3.59,-3.60,-3.60,-4.08,-1.84,-1.84,-1.84
517.75,1.71,3.53,1.71,3.53,-3.53,-3.55,-4.03,-1.82,-1.82,-1.82
522.93,1.66,3.47,1.66,3.47,-3.47,-3.50,-3.97,-1.81,-1.81,-1.81
528.16,1.62,3.42,1.62,3.42,-3.42,-3.45,-3.92,-1.80,-1.80,-1.80
533.44,1.57,3.36,1.58,3.37,-3.37,-3.40,-3.86,-1.79,-1.79,-1.79
538.77,1.55,3.33,1.55,3.33,-3.32,-3.35,-3.79,-1.77,-1.77,-1.78
544.16,1.52,3.28,1.52,3.28,-3.28,-3.30,-3.73,-1.76,-1.76,-1.76
549.60,1.50,3.25,1.50,3.24,-3.25,-3.25,-3.66,-1.74,-1.75,-1.75
555.10,1.47,3.20,1.48,3.21,-3.22,-3.20,-3.59,-1.75,-1.74,-1.73
560.65,1.45,3.17,1.46,3.18,-3.19,-3.16,-3.52,-1.74,-1.73,-1.72
566.25,1.44,3.15,1.44,3.15,-3.16,-3.11,-3.44,-1.72,-1.72,-1.71
571.92,1.43,3.13,1.44,3.14,-3.13,-3.06,-3.37,-1.70,-1.69,-1.70
577.64,1.42,3.11,1.42,3.11,-3.09,-3.01,-3.29,-1.67,-1.67,-1.69
583.41,1.40,3.08,1.39,3.07,-3.05,-2.96,-3.21,-1.64,-1.65,-1.68
589.25,1.34,3.01,1.35,3.02,-2.99,-2.92,-3.14,-1.65,-1.65,-1.67
595.14,1.28,2.94,1.29,2.95,-2.94,-2.87,-3.06,-1.66,-1.65,-1.66
601.09,1.22,2.87,1.22,2.87,-2.88,-2.82,-2.98,-1.65,-1.66,-1.65
607.10,1.16,2.79,1.16,2.80,-2.82,-2.77,-2.90,-1.65,-1.65,-1.63
613.17,1.11,2.72,1.12,2.73,-2.75,-2.73,-2.82,-1.64,-1.63,-1.61
619.30,1.08,2.67,1.08,2.67,-2.69,-2.68,-2.74,-1.61,-1.61,-1.59
625.50,1.05,2.62,1.05,2.63,-2.63,-2.63,-2.66,-1.58,-1.58,-1.57
631.75,1.02,2.58,1.02,2.58,-2.57,-2.59,-2.59,-1.55,-1.55,-1.56
638.07,0.99,2.53,0.99,2.53,-2.51,-2.54,-2.51,-1.52,-1.53,-1.54
644.45,0.94,2.46,0.95,2.47,-2.46,-2.50,-2.43,-1.52,-1.51,-1.52
650.89,0.90,2.42,0.90,2.41,-2.40,-2.45,-2.36,-1.50,-1.50,-1.51
657.40,0.85,2.34,0.85,2.34,-2.35,-2.40,-2.29,-1.49,-1.49,-1.48
663.98,0.80,2.28,0.81,2.28,-2.29,-2.36,-2.21,-1.49,-1.48,-1.47
670.62,0.77,2.23,0.77,2.22,-2.23,-2.31,-2.14,-1.46,-1.46,-1.45
677.32,0.73,2.17,0.74,2.17,-2.17,-2.27,-2.07,-1.44,-1.43,-1.43
684.10,0.70,2.12,0.70,2.11,-2.11,-2.22,-2.00,-1.41,-1.41,-1.41
690.94,0.66,2.06,0.66,2.06,-2.05,-2.18,-1.94,-1.39,-1.39,-1.39
697.85,0.62,2.00,0.62,2.00,-1.99,-2.14,-1.87,-1.37,-1.37,-1.37
704.83,0.58,1.94,0.58,1.94,-1.93,-2.09,-1.81,-1.35,-1.35,-1.35
711.87,0.54,1.88,0.54,1.88,-1.87,-2.05,-1.74,-1.33,-1.33,-1.33
718.99,0.50,1.82,0.50,1.81,-1.81,-2.00,-1.68,-1.31,-1.31,-1.31
726.18,0.45,1.75,0.45,1.75,-1.75,-1.96,-1.62,-1.30,-1.30,-1.29
733.44,0.41,1.69,0.42,1.69,-1.69,-1.92,-1.56,-1.28,-1.28,-1.27
740.78,0.38,1.64,0.38,1.64,-1.64,-1.87,-1.50,-1.25,-1.25,-1.25
748.19,0.36,1.60,0.36,1.59,-1.59,-1.83,-1.45,-1.23,-1.23,-1.23
755.67,0.34,1.56,0.34,1.56,-1.55,-1.79,-1.39,-1.21,-1.21,-1.21
763.23,0.32,1.52,0.32,1.51,-1.52,-1.74,-1.34,-1.20,-1.20,-1.19
770.86,0.31,1.49,0.31,1.49,-1.51,-1.70,-1.28,-1.19,-1.20,-1.17
778.57,0.30,1.46,0.32,1.47,-1.50,-1.66,-1.23,-1.20,-1.18,-1.15
786.35,0.35,1.49,0.35,1.48,-1.50,-1.61,-1.18,-1.15,-1.15,-1.13
794.22,0.39,1.50,0.40,1.50,-1.50,-1.57,-1.13,-1.11,-1.11,-1.10
802.16,0.44,1.53,0.44,1.53,-1.51,-1.53,-1.08,-1.06,-1.06,-1.08
810.18,0.48,1.55,0.47,1.53,-1.51,-1.48,-1.03,-1.02,-1.04,-1.06
818.28,0.47,1.52,0.48,1.52,-1.50,-1.44,-0.98,-1.03,-1.02,-1.04
826.46,0.46,1.49,0.47,1.49,-1.48,-1.40,-0.94,-1.02,-1.01,-1.02
834.73,0.45,1.45,0.45,1.45,-1.45,-1.35,-0.89,-0.99,-0.99,-0.99
843.08,0.44,1.42,0.44,1.41,-1.41,-1.31,-0.85,-0.96,-0.97,-0.97
851.51,0.41,1.37,0.41,1.36,-1.36,-1.27,-0.81,-0.94,-0.94,-0.95
860.02,0.38,1.31,0.38,1.30,-1.31,-1.22,-0.77,-0.92,-0.93,-0.92
868.62,0.34,1.24,0.34,1.24,-1.26,-1.18,-0.73,-0.92,-0.92,-0.89
877.31,0.30,1.18,0.31,1.19,-1.22,-1.14,-0.69,-0.92,-0.90,-0.87
886.08,0.30,1.15,0.30,1.15,-1.18,-1.09,-0.65,-0.87,-0.88,-0.84
894.94,0.30,1.13,0.31,1.13,-1.13,-1.05,-0.61,-0.83,-0.83,-0.82
903.89,0.31,1.11,0.32,1.11,-1.09,-1.00,-0.57,-0.78,-0.77,-0.79
912.93,0.32,1.09,0.31,1.07,-1.04,-0.96,-0.54,-0.72,-0.73,-0.76
922.06,0.29,1.02,0.29,1.02,-0.99,-0.92,-0.50,-0.69,-0.70,-0.72
931.28,0.24,0.94,0.25,0.94,-0.93,-0.87,-0.47,-0.68,-0.68,-0.69
940.59,0.19,0.86,0.19,0.86,-0.86,-0.82,-0.44,-0.67,-0.67,-0.66
950.00,0.14,0.78,0.14,0.78,-0.80,-0.78,-0.41,-0.65,-0.65,-0.63
959.50,0.09,0.70,0.10,0.71,-0.72,-0.73,-0.37,-0.63,-0.62,-0.60
969.09,0.07,0.64,0.07,0.64,-0.65,-0.68,-0.35,-0.58,-0.58,-0.56
978.78,0.05,0.59,0.05,0.58,-0.58,-0.64,-0.32,-0.53,-0.53,-0.53
988.57,0.02,0.52,0.03,0.53,-0.52,-0.59,-0.29,-0.49,-0.49,-0.49
998.46,0.00,0.47,0.00,0.47,-0.45,-0.54,-0.26,-0.45,-0.45,-0.46
1008.44,-0.02,0.41,-0.02,0.40,-0.39,-0.49,-0.24,-0.41,-0.42,-0.42
1018.53,-0.05,0.34,-0.05,0.34,-0.34,-0.44,-0.21,-0.38,-0.39,-0.38
1028.71,-0.08,0.27,-0.07,0.27,-0.28,-0.39,-0.19,-0.36,-0.36,-0.34
1039.00,-0.10,0.22,-0.09,0.22,-0.23,-0.34,-0.17,-0.33,-0.32,-0.31
1049.39,-0.10,0.18,-0.10,0.17,-0.18,-0.29,-0.14,-0.28,-0.28,-0.27
1059.88,-0.10,0.14,-0.10,0.13,-0.14,-0.23,-0.12,-0.24,-0.24,-0.23
1070.48,-0.10,0.09,-0.09,0.10,-0.10,-0.18,-0.10,-0.20,-0.19,-0.18
1081.19,-0.08,0.07,-0.08,0.06,-0.07,-0.12,-0.08,-0.14,-0.15,-0.15
1092.00,-0.07,0.03,-0.07,0.03,-0.03,-0.07,-0.06,-0.10,-0.10,-0.10
1102.92,-0.06,-0.01,-0.05,-0.00,0.01,-0.01,-0.04,-0.05,-0.05,-0.05
1113.95,-0.04,-0.03,-0.04,-0.04,0.05,0.04,-0.02,0.02,0.02,-0.01
1125.09,-0.03,-0.08,-0.02,-0.07,0.11,0.10,-0.01,0.08,0.08,0.05
1136.34,-0.01,-0.11,-0.02,-0.13,0.16,0.16,0.01,0.15,0.14,0.10
1147.70,-0.04,-0.20,-0.04,-0.21,0.22,0.22,0.03,0.18,0.18,0.16
1159.18,-0.07,-0.29,-0.07,-0.29,0.27,0.28,0.04,0.21,0.21,0.22
1170.77,-0.10,-0.37,-0.08,-0.36,0.32,0.34,0.06,0.23,0.24,0.27
1182.48,-0.06,-0.39,-0.06,-0.40,0.36,0.40,0.08,0.31,0.30,0.33
1194.30,-0.02,-0.41,-0.02,-0.42,0.40,0.46,0.09,0.38,0.38,0.39
1206.25,0.03,-0.43,0.03,-0.43,0.42,0.52,0.11,0.45,0.45,0.46
1218.31,0.09,-0.43,0.09,-0.43,0.43,0.58,0.12,0.52,0.52,0.52
1230.49,0.15,-0.43,0.16,-0.43,0.43,0.64,0.14,0.58,0.59,0.58
1242.80,0.22,-0.42,0.22,-0.43,0.44,0.70,0.15,0.66,0.66,0.64
1255.22,0.28,-0.43,0.29,-0.43,0.45,0.76,0.17,0.73,0.73,0.71
1267.78,0.34,-0.45,0.34,-0.45,0.47,0.82,0.19,0.81,0.81,0.79
1280.45,0.39,-0.47,0.39,-0.48,0.50,0.87,0.20,0.89,0.89,0.86
1293.26,0.42,-0.52,0.42,-0.52,0.54,0.93,0.22,0.97,0.96,0.94
1306.19,0.43,-0.58,0.43,-0.58,0.59,0.98,0.23,1.03,1.03,1.01
1319.25,0.43,-0.66,0.44,-0.66,0.65,1.02,0.25,1.09,1.09,1.09
1332.45,0.44,-0.72,0.44,-0.73,0.71,1.07,0.26,1.16,1.15,1.16
1345.77,0.44,-0.80,0.45,-0.79,0.77,1.11,0.28,1.22,1.23,1.24
1359.23,0.48,-0.84,0.48,-0.84,0.83,1.15,0.30,1.31,1.31,1.32
1372.82,0.52,-0.88,0.52,-0.89,0.88,1.18,0.31,1.40,1.40,1.40
1386.55,0.56,-0.92,0.56,-0.92,0.92,1.21,0.33,1.48,1.48,1.48
1400.41,0.60,-0.96,0.61,-0.96,0.95,1.24,0.35,1.55,1.56,1.56
1414.42,0.66,-0.98,0.66,-0.98,0.97,1.26,0.37,1.64,1.63,1.64
1428.56,0.71,-1.00,0.71,-1.00,0.99,1.28,0.38,1.71,1.71,1.71
1442.85,0.77,-1.02,0.77,-1.02,1.02,1.29,0.40,1.79,1.79,1.79
1457.28,0.83,-1.04,0.83,-1.04,1.04,1.30,0.42,1.88,1.88,1.87
1471.85,0.89,-1.05,0.89,-1.06,1.07,1.31,0.44,1.97,1.97,1.94
1486.57,0.94,-1.08,0.94,-1.09,1.11,1.32,0.46,2.06,2.05,2.02
1501.43,0.97,-1.13,0.97,-1.14,1.16,1.32,0.48,2.13,2.13,2.10
1516.45,0.99,-1.20,1.00,-1.20,1.21,1.33,0.50,2.20,2.20,2.19
1531.61,1.01,-1.27,1.01,-1.27,1.26,1.33,0.52,2.28,2.28,2.28
1546.93,1.04,-1.33,1.04,-1.34,1.32,1.33,0.54,2.37,2.36,2.37
1562.40,1.06,-1.40,1.07,-1.39,1.38,1.33,0.56,2.45,2.46,2.46
1578.02,1.11,-1.44,1.12,-1.44,1.44,1.33,0.58,2.55,2.55,2.55
1593.80,1.17,-1.46,1.16,-1.48,1.48,1.32,0.60,2.65,2.65,2.63
1609.74,1.22,-1.51,1.22,-1.52,1.51,1.32,0.63,2.73,2.73,2.73
1625.84,1.28,-1.55,1.29,-1.55,1.52,1.32,0.65,2.80,2.80,2.83
1642.10,1.36,-1.58,1.38,-1.56,1.52,1.32,0.67,2.88,2.90,2.94
1658.52,1.50,-1.54,1.50,-1.54,1.51,1.32,0.69,3.02,3.01,3.04
1675.10,1.64,-1.50,1.64,-1.50,1.51,1.32,0.72,3.16,3.16,3.14
1691.85,1.78,-1.46,1.78,-1.47,1.51,1.32,0.74,3.30,3.30,3.24
1708.77,1.91,-1.44,1.90,-1.46,1.52,1.32,0.76,3.43,3.42,3.35
1725.86,1.98,-1.49,1.99,-1.48,1.53,1.32,0.79,3.51,3.51,3.47
1743.12,2.05,-1.53,2.06,-1.53,1.54,1.32,0.81,3.59,3.59,3.58
1760.55,2.12,-1.58,2.12,-1.58,1.55,1.32,0.83,3.67,3.67,3.70
1778.15,2.20,-1.62,2.21,-1.61,1.57,1.32,0.86,3.77,3.78,3.82
1795.94,2.31,-1.62,2.32,-1.62,1.59,1.33,0.88,3.90,3.91,3.93
1813.90,2.45,-1.61,2.45,-1.61,1.60,1.33,0.91,4.05,4.05,4.06
1832.03,2.60,-1.58,2.59,-1.59,1.61,1.33,0.93,4.21,4.20,4.18
1850.36,2.73,-1.58,2.73,-1.58,1.61,1.33,0.96,4.34,4.34,4.31
1868.86,2.85,-1.59,2.86,-1.59,1.61,1.33,0.98,4.46,4.46,4.44
1887.55,2.98,-1.59,2.98,-1.59,1.61,1.33,1.01,4.59,4.59,4.57
1906.42,3.10,-1.60,3.10,-1.60,1.61,1.33,1.03,4.72,4.72,4.70
1925.49,3.23,-1.60,3.23,-1.61,1.62,1.33,1.05,4.85,4.85,4.83
1944.74,3.35,-1.62,3.36,-1.61,1.62,1.32,1.08,4.97,4.97,4.97
1964.19,3.49,-1.61,3.50,-1.61,1.60,1.32,1.10,5.09,5.10,5.10
1983.83,3.65,-1.59,3.64,-1.60,1.57,1.31,1.13,5.22,5.20,5.24
2003.67,3.81,-1.56,3.81,-1.56,1.51,1.30,1.15,5.33,5.32,5.37
2023.71,3.97,-1.52,4.01,-1.49,1.45,1.29,1.18,5.42,5.46,5.49
2043.94,4.24,-1.37,4.23,-1.38,1.37,1.27,1.20,5.62,5.60,5.61
2064.38,4.48,-1.24,4.47,-1.26,1.29,1.25,1.23,5.78,5.76,5.72
2085.03,4.68,-1.16,4.69,-1.15,1.21,1.22,1.25,5.89,5.90,5.84
2105.88,4.89,-1.07,4.89,-1.08,1.13,1.19,1.27,6.02,6.01,5.96
2126.94,5.07,-1.01,5.07,-1.02,1.04,1.16,1.30,6.11,6.11,6.08
2148.20,5.24,-0.96,5.24,-0.96,0.95,1.11,1.32,6.19,6.19,6.20
2169.69,5.41,-0.91,5.42,-0.90,0.86,1.06,1.35,6.27,6.28,6.32
2191.38,5.61,-0.83,5.63,-0.82,0.77,1.00,1.38,6.38,6.39,6.44
2213.30,5.86,-0.70,5.86,-0.70,0.67,0.94,1.40,6.54,6.54,6.56
2235.43,6.11,-0.57,6.11,-0.57,0.58,0.86,1.43,6.69,6.69,6.68
2257.78,6.36,-0.43,6.35,-0.45,0.48,0.78,1.46,6.84,6.82,6.79
2280.36,6.56,-0.35,6.57,-0.35,0.38,0.68,1.48,6.94,6.94,6.91
2303.17,6.76,-0.26,6.77,-0.26,0.28,0.58,1.51,7.05,7.06,7.02
2326.20,6.96,-0.18,6.96,-0.18,0.20,0.47,1.54,7.16,7.16,7.14
2349.46,7.15,-0.11,7.14,-0.12,0.12,0.35,1.57,7.27,7.26,7.26
2372.95,7.30,-0.06,7.30,-0.06,0.04,0.22,1.61,7.34,7.34,7.36
2396.68,7.44,-0.01,7.45,-0.01,-0.03,0.10,1.64,7.41,7.42,7.45
2420.65,7.59,0.04,7.60,0.04,-0.09,-0.02,1.67,7.50,7.50,7.55
2444.86,7.75,0.11,7.76,0.11,-0.14,-0.13,1.71,7.61,7.62,7.64
2469.31,7.91,0.18,7.93,0.19,-0.17,-0.22,1.74,7.74,7.76,7.73
2494.00,8.08,0.25,8.06,0.23,-0.18,-0.28,1.78,7.91,7.89,7.83
2518.94,8.16,0.25,8.13,0.22,-0.16,-0.31,1.82,8.01,7.98,7.91
2544.13,8.13,0.15,8.14,0.15,-0.12,-0.30,1.86,8.02,8.03,7.98
2569.57,8.09,0.03,8.11,0.04,-0.05,-0.25,1.90,8.04,8.06,8.06
2595.27,8.06,-0.08,8.06,-0.08,0.05,-0.15,1.95,8.11,8.11,8.14
2621.22,8.02,-0.20,8.01,-0.21,0.17,-0.01,1.99,8.19,8.18,8.22
2647.43,7.94,-0.35,7.95,-0.34,0.32,0.17,2.04,8.26,8.27,8.29
2673.90,7.86,-0.49,7.88,-0.48,0.49,0.39,2.09,8.35,8.37,8.35
2700.64,7.78,-0.63,7.78,-0.63,0.67,0.62,2.14,8.46,8.45,8.41
2727.65,7.68,-0.79,7.65,-0.82,0.87,0.87,2.19,8.55,8.52,8.47
2754.93,7.47,-1.06,7.48,-1.06,1.07,1.13,2.25,8.55,8.55,8.53
2782.48,7.27,-1.32,7.28,-1.31,1.29,1.39,2.30,8.56,8.57,8.59
2810.30,7.07,-1.57,7.08,-1.56,1.52,1.65,2.36,8.60,8.60,8.64
2838.40,6.89,-1.78,6.90,-1.78,1.76,1.91,2.42,8.66,8.66,8.67
2866.79,6.71,-1.99,6.71,-2.00,2.01,2.16,2.48,8.72,8.72,8.70
2895.46,6.52,-2.22,6.51,-2.23,2.25,2.40,2.55,8.77,8.76,8.74
2924.41,6.30,-2.47,6.30,-2.47,2.48,2.63,2.61,8.78,8.78,8.77
2953.65,6.08,-2.72,6.09,-2.72,2.70,2.85,2.68,8.78,8.78,8.80
2983.19,5.87,-2.96,5.88,-2.95,2.92,3.07,2.75,8.79,8.80,8.83
3013.02,5.70,-3.16,5.71,-3.16,3.14,3.27,2.83,8.84,8.84,8.86
3043.15,5.53,-3.35,5.54,-3.35,3.36,3.47,2.90,8.89,8.90,8.88
3073.58,5.37,-3.53,5.36,-3.55,3.59,3.66,2.98,8.96,8.94,8.90
3104.32,5.15,-3.78,5.15,-3.78,3.81,3.85,3.05,8.97,8.97,8.93
3135.36,4.92,-4.03,4.93,-4.02,4.05,4.03,3.13,8.97,8.98,8.95
3166.72,4.69,-4.27,4.69,-4.27,4.28,4.21,3.21,8.98,8.97,8.96
3198.38,4.45,-4.51,4.45,-4.52,4.52,4.38,3.30,8.97,8.97,8.96
3230.37,4.20,-4.76,4.21,-4.75,4.76,4.55,3.38,8.96,8.96,8.96
3262.67,3.97,-4.98,3.97,-4.99,4.98,4.72,3.46,8.95,8.95,8.95
3295.30,3.75,-5.20,3.75,-5.21,5.19,4.88,3.55,8.94,8.93,8.95
3328.25,3.54,-5.41,3.55,-5.40,5.37,5.04,3.64,8.92,8.93,8.95
3361.53,3.37,-5.57,3.39,-5.56,5.54,5.19,3.72,8.91,8.93,8.94
3395.15,3.26,-5.67,3.25,-5.68,5.68,5.34,3.81,8.94,8.93,8.93
3429.10,3.14,-5.77,3.14,-5.78,5.79,5.48,3.90,8.93,8.93,8.91
3463.39,3.03,-5.86,3.03,-5.87,5.87,5.62,3.98,8.91,8.91,8.89
3498.03,2.92,-5.96,2.92,-5.96,5.93,5.75,4.07,8.86,8.86,8.88
3533.01,2.82,-6.04,2.82,-6.04,5.97,5.87,4.15,8.80,8.79,8.86
3568.34,2.71,-6.12,2.72,-6.12,6.00,5.97,4.23,8.71,8.72,8.83
3604.02,2.62,-6.18,2.62,-6.18,6.01,6.07,4.31,8.63,8.63,8.80
3640.06,2.53,-6.24,2.53,-6.25,6.02,6.14,4.39,8.55,8.54,8.77
3676.46,2.44,-6.29,2.44,-6.30,6.02,6.20,4.46,8.46,8.46,8.73
3713.22,2.35,-6.35,2.37,-6.34,6.01,6.24,4.53,8.36,8.38,8.70
3750.36,2.32,-6.35,2.31,-6.36,6.01,6.26,4.59,8.33,8.32,8.67
3787.86,2.28,-6.35,2.28,-6.36,6.01,6.26,4.65,8.30,8.29,8.63
3825.74,2.25,-6.35,2.27,-6.33,6.02,6.24,4.71,8.27,8.29,8.60
3864.00,2.29,-6.27,2.29,-6.28,6.02,6.19,4.76,8.31,8.31,8.56
3902.64,2.33,-6.19,2.33,-6.20,6.02,6.12,4.80,8.35,8.34,8.52
3941.66,2.37,-6.11,2.38,-6.11,6.00,6.03,4.84,8.38,8.38,8.48
3981.08,2.42,-6.03,2.42,-6.03,5.98,5.92,4.88,8.40,8.40,8.45
4020.89,2.47,-5.94,2.47,-5.94,5.93,5.79,4.91,8.41,8.40,8.41
4061.10,2.52,-5.84,2.53,-5.84,5.85,5.63,4.93,8.38,8.38,8.36
4101.71,2.59,-5.72,2.59,-5.73,5.73,5.46,4.94,8.33,8.32,8.31
4142.73,2.68,-5.59,2.66,-5.61,5.57,5.28,4.96,8.25,8.23,8.27
4184.15,2.78,-5.44,2.80,-5.43,5.35,5.07,4.96,8.14,8.15,8.22
4226.00,2.97,-5.21,3.02,-5.17,5.10,4.85,4.96,8.07,8.11,8.18
4268.26,3.31,-4.82,3.30,-4.84,4.80,4.61,4.96,8.11,8.10,8.13
4310.94,3.64,-4.44,3.61,-4.48,4.47,4.37,4.95,8.12,8.08,8.08
4354.05,3.92,-4.11,3.93,-4.11,4.13,4.10,4.94,8.05,8.06,8.03
4397.59,4.20,-3.78,4.23,-3.75,3.78,3.83,4.92,7.98,8.01,7.98
4441.56,4.53,-3.40,4.52,-3.41,3.43,3.55,4.90,7.96,7.95,7.93
4485.98,4.82,-3.06,4.80,-3.08,3.11,3.27,4.88,7.93,7.90,7.88
4530.84,5.02,-2.80,5.04,-2.79,2.82,3.00,4.86,7.84,7.86,7.82
4576.15,5.22,-2.55,5.22,-2.55,2.56,2.73,4.84,7.79,7.79,7.77
4621.91,5.37,-2.34,5.36,-2.36,2.35,2.49,4.81,7.73,7.72,7.71
4668.13,5.45,-2.21,5.47,-2.19,2.19,2.29,4.79,7.64,7.66,7.66
4714.81,5.53,-2.07,5.52,-2.08,2.08,2.14,4.76,7.61,7.60,7.60
4761.96,5.54,-2.00,5.52,-2.03,2.03,2.04,4.74,7.57,7.55,7.54
4809.58,5.45,-2.04,5.49,-2.00,2.04,2.01,4.72,7.49,7.52,7.49
4857.67,5.36,-2.07,5.39,-2.05,2.10,2.05,4.70,7.47,7.49,7.43
4906.25,5.27,-2.10,5.22,-2.16,2.22,2.16,4.68,7.49,7.44,7.37
4955.31,4.94,-2.37,4.97,-2.35,2.38,2.33,4.66,7.33,7.35,7.31
5004.87,4.59,-2.66,4.60,-2.66,2.59,2.55,4.65,7.18,7.19,7.25
5054.91,4.12,-3.09,4.09,-3.12,2.82,2.80,4.64,6.95,6.91,7.21
5105.46,3.50,-3.66,3.47,-3.69,3.08,3.08,4.63,6.58,6.55,7.16
5156.52,2.74,-4.37,2.79,-4.33,3.35,3.37,4.63,6.09,6.14,7.11
5208.08,2.05,-5.01,2.06,-5.00,3.62,3.66,4.62,5.68,5.68,7.06
5260.16,1.41,-5.60,1.36,-5.65,3.89,3.95,4.63,5.31,5.26,7.01
5312.77,0.67,-6.29,0.72,-6.24,4.16,4.23,4.64,4.83,4.88,6.96
5365.89,0.12,-6.78,0.12,-6.78,4.43,4.50,4.65,4.55,4.55,6.90
5419.55,-0.42,-7.26,-0.44,-7.29,4.71,4.75,4.66,4.29,4.27,6.84
5473.75,-0.96,-7.75,-0.97,-7.76,4.98,4.98,4.69,4.02,4.01,6.79
5528.49,-1.51,-8.24,-1.51,-8.24,5.23,5.19,4.71,3.73,3.73,6.73
5583.77,-2.05,-8.73,-2.01,-8.69,5.46,5.38,4.74,3.41,3.45,6.68
5639.61,-2.54,-9.16,-2.57,-9.20,5.65,5.55,4.78,3.11,3.08,6.62
5696.00,-3.08,-9.66,-3.17,-9.76,5.80,5.70,4.82,2.73,2.63,6.58
5752.96,-3.87,-10.40,-3.81,-10.34,5.92,5.83,4.86,2.05,2.11,6.53
5810.49,-4.46,-10.94,-4.43,-10.92,5.99,5.93,4.91,1.54,1.57,6.48
5868.60,-4.98,-11.41,-4.99,-11.43,6.04,6.02,4.97,1.06,1.05,6.43
5927.28,-5.48,-11.86,-5.50,-11.89,6.05,6.08,5.03,0.57,0.55,6.38
5986.56,-6.00,-12.33,-6.05,-12.38,6.04,6.13,5.10,0.04,-0.01,6.33
6046.42,-6.61,-12.87,-6.59,-12.84,6.02,6.16,5.17,-0.59,-0.56,6.26
6106.89,-7.13,-13.30,-7.06,-13.23,6.00,6.18,5.25,-1.12,-1.05,6.17
6167.96,-7.48,-13.57,-7.47,-13.56,6.00,6.18,5.33,-1.48,-1.47,6.09
6229.64,-7.82,-13.83,-7.86,-13.87,6.00,6.18,5.42,-1.82,-1.86,6.01
6291.93,-8.30,-14.23,-8.25,-14.18,6.00,6.16,5.51,-2.30,-2.25,5.93
6354.85,-8.79,-14.64,-8.64,-14.49,6.00,6.14,5.61,-2.79,-2.64,5.85
6418.40,-9.13,-14.90,-8.99,-14.75,6.00,6.11,5.71,-3.13,-2.99,5.77
6482.58,-9.46,-15.14,-9.27,-14.93,6.00,6.08,5.82,-3.46,-3.27,5.68
6547.41,-9.81,-15.41,-9.50,-15.07,6.00,6.05,5.94,-3.81,-3.50,5.60
6612.88,-10.15,-15.67,-9.72,-15.19,6.00,6.01,6.05,-4.15,-3.72,5.52
6679.01,-10.50,-15.94,-9.90,-15.27,6.00,5.98,6.17,-4.50,-3.90,5.44
6745.80,-10.85,-16.19,-10.03,-15.29,6.00,5.94,6.30,-4.85,-4.03,5.34
6813.26,-11.21,-16.44,-10.11,-15.23,6.00,5.91,6.42,-5.21,-4.11,5.23
6881.39,-11.49,-16.61,-10.12,-15.11,6.00,5.88,6.55,-5.49,-4.12,5.12
6950.21,-11.76,-16.78,-10.08,-14.94,6.00,5.85,6.68,-5.76,-4.08,5.02
7019.71,-12.04,-16.95,-10.00,-14.73,6.00,5.82,6.81,-6.04,-4.00,4.91
7089.91,-12.36,-17.16,-9.91,-14.49,6.00,5.79,6.94,-6.36,-3.91,4.80
7160.81,-12.69,-17.36,-9.80,-14.23,6.00,5.77,7.06,-6.69,-3.80,4.67
7232.41,-12.98,-17.51,-9.67,-13.96,6.00,5.75,7.18,-6.98,-3.67,4.53
7304.74,-13.20,-17.59,-9.55,-13.68,6.00,5.74,7.30,-7.20,-3.55,4.39
7377.79,-13.43,-17.68,-9.43,-13.41,6.00,5.72,7.41,-7.43,-3.43,4.25
7451.56,-13.62,-17.73,-9.32,-13.16,6.00,5.71,7.51,-7.62,-3.32,4.11
7526.08,-13.76,-17.73,-9.23,-12.93,6.00,5.71,7.60,-7.76,-3.23,3.97
7601.34,-13.90,-17.73,-9.16,-12.71,6.00,5.70,7.68,-7.90,-3.16,3.83
7677.35,-14.03,-17.73,-9.11,-12.51,6.00,5.70,7.74,-8.03,-3.11,3.70
7754.13,-14.15,-17.71,-9.07,-12.33,6.00,5.71,7.79,-8.15,-3.07,3.56
7831.67,-14.27,-17.69,-9.05,-12.15,6.00,5.72,7.82,-8.27,-3.05,3.42
7909.98,-14.34,-17.63,-9.03,-11.99,6.00,5.73,7.83,-8.34,-3.03,3.29
7989.08,-14.39,-17.54,-9.02,-11.83,6.00,5.75,7.82,-8.39,-3.02,3.15
8068.98,-14.44,-17.43,-9.02,-11.68,6.00,5.77,7.80,-8.44,-3.02,2.99
8149.67,-14.49,-17.31,-9.03,-11.53,6.00,5.80,7.75,-8.49,-3.03,2.82
8231.16,-14.49,-17.15,-9.05,-11.39,6.00,5.83,7.68,-8.49,-3.05,2.66
8313.47,-14.49,-16.98,-9.07,-11.26,6.00,5.86,7.59,-8.49,-3.07,2.49
8396.61,-14.42,-16.74,-9.10,-11.14,6.00,5.90,7.49,-8.42,-3.10,2.32
8480.57,-14.32,-16.48,-9.13,-11.01,6.00,5.95,7.36,-8.32,-3.13,2.16
8565.38,-14.22,-16.19,-9.16,-10.89,6.00,5.99,7.23,-8.22,-3.16,1.97
8651.03,-14.10,-15.89,-9.20,-10.77,6.00,6.04,7.07,-8.10,-3.20,1.79
8737.54,-13.94,-15.54,-9.25,-10.66,6.00,6.10,6.91,-7.94,-3.25,1.60
8824.92,-13.78,-15.19,-9.31,-10.56,6.00,6.16,6.74,-7.78,-3.31,1.41
8913.17,-13.59,-14.81,-9.38,-10.47,6.00,6.22,6.55,-7.59,-3.38,1.22
9002.30,-13.38,-14.41,-9.44,-10.38,6.00,6.28,6.36,-7.38,-3.44,1.03
9092.32,-13.16,-13.99,-9.51,-10.28,6.00,6.35,6.17,-7.16,-3.51,0.83
9183.25,-12.89,-13.51,-9.56,-10.18,6.00,6.41,5.97,-6.89,-3.56,0.62
9275.08,-12.47,-12.88,-9.60,-10.06,6.00,6.48,5.77,-6.47,-3.60,0.41
9367.83,-12.05,-12.25,-9.63,-9.93,6.00,6.54,5.57,-6.05,-3.63,0.20
9461.51,-11.65,-11.64,-9.63,-9.77,6.00,6.60,5.37,-5.65,-3.63,-0.01
9556.12,-11.25,-11.03,-9.62,-9.60,6.00,6.65,5.17,-5.25,-3.62,-0.22
9651.68,-10.85,-10.40,-9.59,-9.41,6.00,6.70,4.97,-4.85,-3.59,-0.45
9748.20,-10.45,-9.78,-9.54,-9.20,6.00,6.74,4.78,-4.45,-3.54,-0.67
9845.68,-9.88,-8.99,-9.47,-8.97,6.00,6.76,4.59,-3.88,-3.47,-0.89
9944.14,-9.30,-8.19,-9.38,-8.72,6.00,6.78,4.40,-3.30,-3.38,-1.11
10043.58,-8.63,-7.30,-9.27,-8.45,6.00,6.78,4.22,-2.63,-3.27,-1.33
10144.02,-7.93,-6.40,-9.31,-8.30,6.00,6.77,4.04,-1.93,-3.31,-1.53
10245.46,-7.09,-5.36,-9.35,-8.15,6.00,6.73,3.86,-1.09,-3.35,-1.73
10347.91,-6.31,-4.38,-9.39,-7.99,6.00,6.68,3.69,-0.31,-3.39,-1.93
10451.39,-5.65,-3.52,-9.43,-7.83,6.00,6.62,3.52,0.35,-3.43,-2.13
10555.91,-4.54,-2.21,-9.46,-7.67,6.00,6.53,3.36,1.46,-3.46,-2.33
10661.46,-3.71,-1.18,-9.50,-7.51,6.00,6.42,3.21,2.29,-3.50,-2.53
10768.08,-2.84,-0.10,-9.53,-7.34,6.00,6.30,3.05,3.16,-3.53,-2.74
10875.76,-1.78,1.17,-9.57,-7.17,6.01,6.17,2.91,4.23,-3.56,-2.95
10984.52,-0.69,2.47,-9.60,-7.00,6.02,6.01,2.76,5.33,-3.58,-3.16
11094.36,0.53,3.90,-9.63,-6.82,6.03,5.85,2.62,6.57,-3.60,-3.37
11205.31,1.41,4.99,-9.66,-6.65,6.04,5.67,2.49,7.45,-3.63,-3.58
11317.36,2.53,6.33,-9.69,-6.47,6.02,5.49,2.35,8.55,-3.67,-3.80
11430.53,3.34,7.36,-9.72,-6.28,5.98,5.30,2.23,9.32,-3.74,-4.02
11544.84,3.87,8.11,-9.75,-6.09,5.91,5.11,2.10,9.78,-3.84,-4.24
11660.29,4.29,8.75,-9.78,-5.90,5.81,4.91,1.98,10.11,-3.96,-4.46
11776.89,4.62,9.30,-9.81,-5.71,5.69,4.72,1.86,10.31,-4.12,-4.68
11894.66,4.67,9.54,-9.83,-5.52,5.53,4.52,1.75,10.20,-4.30,-4.87
12013.60,4.36,9.43,-9.86,-5.32,5.35,4.33,1.63,9.71,-4.51,-5.07
12133.74,4.04,9.30,-9.88,-5.12,5.15,4.13,1.52,9.19,-4.73,-5.26
12255.08,3.05,8.50,-9.90,-4.91,4.93,3.95,1.42,7.99,-4.97,-5.45
12377.63,1.23,6.87,-9.93,-4.70,4.71,3.76,1.31,5.94,-5.22,-5.64
12501.41,0.17,6.00,-9.95,-4.49,4.49,3.59,1.21,4.67,-5.45,-5.83
12626.42,-1.49,4.54,-9.97,-4.28,4.28,3.41,1.10,2.79,-5.69,-6.03
12752.68,-3.22,3.00,-9.99,-4.06,4.06,3.25,1.00,0.85,-5.92,-6.22
12880.21,-5.61,0.81,-10.01,-3.85,3.85,3.09,0.90,-1.76,-6.16,-6.42
13009.01,-7.37,-0.76,-10.02,-3.62,3.62,2.93,0.80,-3.74,-6.40,-6.61
13139.10,-8.08,-1.27,-10.04,-3.40,3.40,2.78,0.70,-4.68,-6.64,-6.81
13270.49,-8.14,-1.14,-10.06,-3.17,3.17,2.64,0.60,-4.97,-6.89,-7.00
13403.20,-8.21,-1.03,-10.07,-2.94,2.94,2.50,0.50,-5.27,-7.13,-7.18
13537.23,-8.32,-0.96,-10.09,-2.71,2.71,2.37,0.39,-5.61,-7.38,-7.36
13672.60,-9.17,-1.62,-10.10,-2.47,2.47,2.25,0.29,-6.70,-7.63,-7.55
13809.33,-10.00,-2.27,-10.11,-2.23,2.23,2.13,0.18,-7.77,-7.88,-7.73
13947.42,-11.59,-3.68,-10.12,-1.99,1.99,2.01,0.07,-9.60,-8.13,-7.91
14086.90,-12.77,-4.68,-10.13,-1.74,1.74,1.90,-0.04,-11.02,-8.39,-8.09
14227.77,-13.52,-5.26,-10.14,-1.50,1.50,1.80,-0.15,-12.02,-8.65,-8.26
14370.04,-13.95,-5.52,-10.15,-1.25,1.25,1.70,-0.26,-12.70,-8.91,-8.43
14513.74,-14.35,-5.75,-10.16,-0.99,0.99,1.60,-0.38,-13.36,-9.17,-8.60
14658.88,-14.66,-5.89,-10.17,-0.74,0.74,1.51,-0.50,-13.92,-9.43,-8.77
14805.47,-14.96,-6.02,-10.18,-0.48,0.48,1.42,-0.63,-14.48,-9.70,-8.94
14953.52,-15.25,-6.14,-10.18,-0.21,0.21,1.34,-0.75,-15.03,-9.97,-9.11
15103.06,-15.60,-6.28,-10.19,0.05,-0.05,1.26,-0.87,-15.65,-10.24,-9.32
15254.09,-15.97,-6.43,-10.19,0.32,-0.32,1.19,-0.99,-16.29,-10.51,-9.54
15406.63,-16.20,-6.43,-10.19,0.59,-0.59,1.11,-1.10,-16.79,-10.78,-9.77
15560.70,-16.35,-6.36,-10.19,0.87,-0.87,1.04,-1.20,-17.21,-11.06,-9.99
15716.30,-16.50,-6.28,-10.20,1.14,-1.14,0.98,-1.28,-17.64,-11.34,-10.22
15873.47,-16.62,-6.18,-10.20,1.42,-1.42,0.92,-1.34,-18.04,-11.62,-10.44
16032.20,-16.48,-5.80,-10.20,1.71,-1.71,0.86,-1.38,-18.18,-11.90,-10.68
16192.52,-16.35,-5.35,-10.19,1.99,-1.99,0.80,-1.39,-18.34,-12.19,-11.00
16354.45,-16.12,-4.81,-10.19,2.28,-2.28,0.74,-1.37,-18.40,-12.47,-11.31
16517.99,-15.76,-4.14,-10.19,2.57,-2.57,0.69,-1.32,-18.33,-12.76,-11.62
16683.17,-15.40,-3.46,-10.18,2.87,-2.87,0.64,-1.25,-18.26,-13.05,-11.94
16850.01,-15.02,-2.77,-10.18,3.16,-3.16,0.59,-1.17,-18.18,-13.34,-12.25
17018.51,-14.59,-2.01,-10.17,3.46,-3.46,0.55,-1.07,-18.05,-13.64,-12.58
17188.69,-13.72,-0.72,-10.17,3.77,-3.77,0.51,-0.96,-17.48,-13.93,-13.00
17360.58,-12.34,1.09,-10.16,4.07,-4.07,0.47,-0.86,-16.41,-14.23,-13.43
17534.18,-10.02,3.84,-10.15,4.38,-4.38,0.43,-0.75,-14.40,-14.53,-13.86
17709.53,-8.88,5.40,-10.14,4.69,-4.69,0.39,-0.66,-13.57,-14.83,-14.28
17886.62,-7.85,6.86,-10.13,5.01,-5.01,0.35,-0.57,-12.85,-15.14,-14.71
18065.49,-7.15,8.03,-10.12,5.32,-5.32,0.32,-0.49,-12.47,-15.44,-15.18
18246.14,-6.66,9.06,-10.11,5.64,-5.64,0.29,-0.42,-12.30,-15.75,-15.72
18428.60,-6.70,9.57,-10.09,5.97,-5.97,0.26,-0.35,-12.67,-16.06,-16.27
18612.89,-7.20,9.61,-10.08,6.29,-6.29,0.23,-0.30,-13.49,-16.38,-16.81
18799.02,-7.94,9.42,-10.07,6.62,-6.62,0.21,-0.25,-14.56,-16.69,-17.36
18987.01,-8.94,8.96,-10.05,6.96,-6.96,0.18,-0.21,-15.89,-17.01,-17.90
19176.88,-9.89,8.64,-10.03,7.29,-7.29,0.16,-0.17,-17.18,-17.32,-18.53
19368.65,-10.86,8.31,-10.02,7.63,-7.63,0.14,-0.14,-18.49,-17.65,-19.17
19562.33,-11.98,7.82,-10.00,7.97,-7.97,0.12,-0.11,-19.95,-17.97,-19.80
19757.96,-13.01,7.42,-9.98,8.31,-8.31,0.10,-0.09,-21.32,-18.29,-20.43
19955.54,-15.12,5.95,-9.96,8.66,-8.66,0.08,-0.07,-23.78,-18.62,-21.07
